{
  "event_date": {
    "mean": {
      "MAE": 40.644260612050935,
      "runtime_sec": 0.013933897018432617
    },
    "median": {
      "MAE": 33.59696157283289,
      "runtime_sec": 0.013577938079833984
    },
    "knn": {
      "MAE": 40.644260612050935,
      "runtime_sec": 0.5415546894073486
    },
    "mice": {
      "MAE": 40.644260612050935,
      "runtime_sec": 0.017268896102905273
    }
  },
  "event_timestamp": {
    "mean": {
      "MAE": 839422974531.7285,
      "runtime_sec": 0.015373706817626953
    },
    "median": {
      "MAE": 838227124604.5322,
      "runtime_sec": 0.013711929321289062
    },
    "knn": {
      "MAE": 839422974531.7285,
      "runtime_sec": 0.5285913944244385
    },
    "mice": {
      "MAE": 839422974531.7285,
      "runtime_sec": 0.013651847839355469
    }
  },
  "event_name": {
    "most_frequent": {
      "ACC": 1.0,
      "runtime_sec": 0.014943599700927734
    },
    "constant": {
      "ACC": 0.0,
      "runtime_sec": 0.013327598571777344
    }
  },
  "event_params": {
    "most_frequent": {
      "ACC": 0.0,
      "runtime_sec": 0.022380828857421875
    },
    "constant": {
      "ACC": 0.0,
      "runtime_sec": 0.015139341354370117
    }
  },
  "event_previous_timestamp": {
    "mean": {
      "MAE": 1179253176633.909,
      "runtime_sec": 0.0128631591796875
    },
    "median": {
      "MAE": 1151079566686.991,
      "runtime_sec": 0.015539169311523438
    },
    "knn": {
      "MAE": 1179253176633.909,
      "runtime_sec": 2.1863741874694824
    },
    "mice": {
      "MAE": 1179253176633.909,
      "runtime_sec": 0.01285409927368164
    }
  },
  "event_value_in_usd": {},
  "event_bundle_sequence_id": {
    "mean": {
      "MAE": 2057.50766966304,
      "runtime_sec": 0.011878252029418945
    },
    "median": {
      "MAE": 1593.0482573726542,
      "runtime_sec": 0.013358831405639648
    },
    "knn": {
      "MAE": 2057.50766966304,
      "runtime_sec": 0.5166037082672119
    },
    "mice": {
      "MAE": 2057.50766966304,
      "runtime_sec": 0.013744115829467773
    }
  },
  "event_server_timestamp_offset": {
    "mean": {
      "MAE": 115417438.97456521,
      "runtime_sec": 0.012762784957885742
    },
    "median": {
      "MAE": 68000578.39142092,
      "runtime_sec": 0.013260841369628906
    },
    "knn": {
      "MAE": 115417438.97456521,
      "runtime_sec": 0.5236694812774658
    },
    "mice": {
      "MAE": 115417438.97456521,
      "runtime_sec": 0.013310670852661133
    }
  },
  "user_id": {},
  "user_pseudo_id": {
    "most_frequent": {
      "ACC": 0.013404825737265416,
      "runtime_sec": 0.014092206954956055
    },
    "constant": {
      "ACC": 0.0,
      "runtime_sec": 0.012554645538330078
    }
  },
  "privacy_info": {
    "most_frequent": {
      "ACC": 0.9959785522788204,
      "runtime_sec": 0.01372075080871582
    },
    "constant": {
      "ACC": 0.0,
      "runtime_sec": 0.012815475463867188
    }
  },
  "user_properties": {
    "most_frequent": {
      "ACC": 0.005361930294906166,
      "runtime_sec": 0.017277956008911133
    },
    "constant": {
      "ACC": 0.0,
      "runtime_sec": 0.013536214828491211
    }
  },
  "user_first_touch_timestamp": {
    "mean": {
      "MAE": 4904073281918.552,
      "runtime_sec": 0.012470006942749023
    },
    "median": {
      "MAE": 4271273091330.2056,
      "runtime_sec": 0.012869119644165039
    },
    "knn": {
      "MAE": 4904073281918.552,
      "runtime_sec": 0.5210206508636475
    },
    "mice": {
      "MAE": 4904073281918.552,
      "runtime_sec": 0.01338052749633789
    }
  },
  "user_ltv": {},
  "device": {
    "most_frequent": {
      "ACC": 0.01385165326184093,
      "runtime_sec": 0.014526128768920898
    },
    "constant": {
      "ACC": 0.0,
      "runtime_sec": 0.013358354568481445
    }
  },
  "geo": {
    "most_frequent": {
      "ACC": 0.3668453976764969,
      "runtime_sec": 0.014164924621582031
    },
    "constant": {
      "ACC": 0.0,
      "runtime_sec": 0.012987852096557617
    }
  },
  "app_info": {
    "most_frequent": {
      "ACC": 0.5281501340482574,
      "runtime_sec": 0.014382600784301758
    },
    "constant": {
      "ACC": 0.0,
      "runtime_sec": 0.013130903244018555
    }
  },
  "traffic_source": {
    "most_frequent": {
      "ACC": 0.45308310991957107,
      "runtime_sec": 0.014776229858398438
    },
    "constant": {
      "ACC": 0.0,
      "runtime_sec": 0.01326608657836914
    }
  },
  "stream_id": {
    "mean": {
      "MAE": 85481760.09521666,
      "runtime_sec": 0.012475728988647461
    },
    "median": {
      "MAE": 44086081.64253798,
      "runtime_sec": 0.012836217880249023
    },
    "knn": {
      "MAE": 85481760.09521666,
      "runtime_sec": 0.5100340843200684
    },
    "mice": {
      "MAE": 85481760.09521666,
      "runtime_sec": 0.013422727584838867
    }
  },
  "platform": {
    "most_frequent": {
      "ACC": 0.9919571045576406,
      "runtime_sec": 0.013709068298339844
    },
    "constant": {
      "ACC": 0.0,
      "runtime_sec": 0.011995077133178711
    }
  },
  "event_dimensions": {},
  "ecommerce": {},
  "items": {
    "most_frequent": {
      "ACC": 1.0,
      "runtime_sec": 0.013293743133544922
    },
    "constant": {
      "ACC": 0.0,
      "runtime_sec": 0.012424945831298828
    }
  },
  "collected_traffic_source": {},
  "is_active_user": {
    "most_frequent": {
      "ACC": 0.9821268990169795,
      "runtime_sec": 0.019277095794677734
    }
  },
  "batch_event_index": {
    "mean": {
      "MAE": 3.7741345752676474,
      "runtime_sec": 0.013076066970825195
    },
    "median": {
      "MAE": 3.0768543342269883,
      "runtime_sec": 0.015660762786865234
    },
    "knn": {
      "MAE": 3.7741345752676474,
      "runtime_sec": 0.5383460521697998
    },
    "mice": {
      "MAE": 3.7741345752676474,
      "runtime_sec": 0.014166831970214844
    }
  },
  "batch_page_id": {},
  "batch_ordering_id": {},
  "session_traffic_source_last_click": {
    "most_frequent": {
      "ACC": 0.35075960679177837,
      "runtime_sec": 0.013895511627197266
    },
    "constant": {
      "ACC": 0.0,
      "runtime_sec": 0.013831615447998047
    }
  },
  "publisher": {}
}